{
    "accuracy": [
        0.18571428954601288,
        0.1587301641702652,
        0.18174603581428528,
        0.18015873432159424,
        0.1587301641702652,
        0.19285714626312256,
        0.16904762387275696,
        0.19761905074119568,
        0.19761905074119568,
        0.19206349551677704,
        0.1865079402923584,
        0.2063492089509964,
        0.18333333730697632,
        0.20158730447292328,
        0.18333333730697632,
        0.1944444477558136,
        0.20317460596561432,
        0.19206349551677704,
        0.20714285969734192,
        0.1984127014875412,
        0.20079365372657776,
        0.22380952537059784,
        0.2142857164144516,
        0.1944444477558136,
        0.21984127163887024,
        0.22698412835597992,
        0.22936508059501648,
        0.22142857313156128,
        0.2142857164144516,
        0.21269841492176056,
        0.20714285969734192,
        0.23968254029750824,
        0.230158731341362,
        0.2341269850730896,
        0.22380952537059784,
        0.25952380895614624,
        0.230158731341362,
        0.27142858505249023,
        0.2579365074634552,
        0.22380952537059784,
        0.24285714328289032,
        0.2531746029853821,
        0.2531746029853821,
        0.26031747460365295,
        0.25158730149269104,
        0.25555557012557983,
        0.26428571343421936,
        0.2507936656475067,
        0.26031747460365295,
        0.26825398206710815
    ],
    "loss": [
        1.9548078775405884,
        1.9408968687057495,
        1.8831839561462402,
        1.8525688648223877,
        1.8572819232940674,
        1.8330613374710083,
        1.86922025680542,
        1.8389242887496948,
        1.8291563987731934,
        1.8231257200241089,
        1.8389167785644531,
        1.8106428384780884,
        1.8207385540008545,
        1.8200441598892212,
        1.8233603239059448,
        1.8140016794204712,
        1.8105342388153076,
        1.8046022653579712,
        1.798763394355774,
        1.8128392696380615,
        1.8047680854797363,
        1.7888022661209106,
        1.791519045829773,
        1.7880939245224,
        1.7726483345031738,
        1.7877947092056274,
        1.7752759456634521,
        1.7665358781814575,
        1.7779639959335327,
        1.7836247682571411,
        1.7744853496551514,
        1.7471193075180054,
        1.7754265069961548,
        1.7577331066131592,
        1.7678203582763672,
        1.7277023792266846,
        1.755542516708374,
        1.722436547279358,
        1.7392983436584473,
        1.7432321310043335,
        1.7495845556259155,
        1.7252981662750244,
        1.708345890045166,
        1.721139907836914,
        1.7087973356246948,
        1.7009903192520142,
        1.7114322185516357,
        1.7179102897644043,
        1.7095491886138916,
        1.69380521774292
    ],
    "precision": [
        0.24285714328289032,
        0.1071428582072258,
        0.21052631735801697,
        0.3333333432674408,
        0.1818181872367859,
        0.09090909361839294,
        0.1428571492433548,
        0.1428571492433548,
        0.20000000298023224,
        0.1428571492433548,
        0.0,
        0.25,
        0.25,
        0.0,
        0.25,
        0.23076923191547394,
        0.09090909361839294,
        0.4000000059604645,
        0.5,
        0.3333333432674408,
        0.3333333432674408,
        0.4285714328289032,
        0.25,
        0.1666666716337204,
        0.5714285969734192,
        0.3333333432674408,
        0.25,
        0.0,
        0.3333333432674408,
        0.25,
        0.3333333432674408,
        0.4285714328289032,
        0.25,
        0.5,
        0.3636363744735718,
        0.6666666865348816,
        0.6363636255264282,
        0.5,
        0.6000000238418579,
        0.5333333611488342,
        0.5,
        0.6428571343421936,
        0.6153846383094788,
        0.6875,
        0.7222222089767456,
        0.6666666865348816,
        0.517241358757019,
        0.6666666865348816,
        0.5714285969734192,
        0.7419354915618896
    ],
    "recall": [
        0.013492063619196415,
        0.004761904943734407,
        0.0063492064364254475,
        0.0055555556900799274,
        0.0015873016091063619,
        0.0007936508045531809,
        0.0023809524718672037,
        0.0015873016091063619,
        0.0023809524718672037,
        0.0015873016091063619,
        0.0,
        0.0015873016091063619,
        0.0031746032182127237,
        0.0,
        0.0015873016091063619,
        0.0023809524718672037,
        0.0007936508045531809,
        0.0015873016091063619,
        0.0007936508045531809,
        0.0015873016091063619,
        0.0007936508045531809,
        0.0023809524718672037,
        0.0007936508045531809,
        0.0007936508045531809,
        0.0031746032182127237,
        0.0007936508045531809,
        0.0007936508045531809,
        0.0,
        0.0015873016091063619,
        0.0007936508045531809,
        0.0007936508045531809,
        0.0023809524718672037,
        0.0015873016091063619,
        0.0015873016091063619,
        0.0031746032182127237,
        0.004761904943734407,
        0.0055555556900799274,
        0.003968254197388887,
        0.004761904943734407,
        0.0063492064364254475,
        0.004761904943734407,
        0.0071428571827709675,
        0.0063492064364254475,
        0.008730159141123295,
        0.010317460633814335,
        0.01587301678955555,
        0.011904762126505375,
        0.012698412872850895,
        0.009523809887468815,
        0.01825396902859211
    ],
    "val_accuracy": [
        0.1666666716337204,
        0.1666666716337204,
        0.1666666716337204,
        0.1666666716337204,
        0.1666666716337204,
        0.21481481194496155,
        0.1666666716337204,
        0.17037037014961243,
        0.25555557012557983,
        0.20000000298023224,
        0.18518517911434174,
        0.18888889253139496,
        0.2074074000120163,
        0.24074074625968933,
        0.20370370149612427,
        0.18518517911434174,
        0.1666666716337204,
        0.1666666716337204,
        0.1666666716337204,
        0.1666666716337204,
        0.1666666716337204,
        0.17037037014961243,
        0.17777778208255768,
        0.17037037014961243,
        0.17037037014961243,
        0.1666666716337204,
        0.17037037014961243,
        0.17037037014961243,
        0.17037037014961243,
        0.17037037014961243,
        0.17407406866550446,
        0.17037037014961243,
        0.17037037014961243,
        0.17407406866550446,
        0.17407406866550446,
        0.17407406866550446,
        0.1814814805984497,
        0.18888889253139496,
        0.17407406866550446,
        0.17777778208255768,
        0.17407406866550446,
        0.17037037014961243,
        0.17037037014961243,
        0.17777778208255768,
        0.17777778208255768,
        0.17037037014961243,
        0.17037037014961243,
        0.17037037014961243,
        0.17037037014961243,
        0.17037037014961243
    ],