{
    "accuracy": [
        0.25,
        0.2936508059501648,
        0.3444444537162781,
        0.34682539105415344,
        0.3499999940395355,
        0.35079365968704224,
        0.37063491344451904,
        0.35952380299568176,
        0.3698412775993347,
        0.37460318207740784,
        0.3579365015029907,
        0.37539681792259216,
        0.369047611951828,
        0.4055555462837219,
        0.37936508655548096,
        0.3801587224006653,
        0.3817460238933563,
        0.3857142925262451,
        0.4039682447910309,
        0.4158730208873749,
        0.3896825313568115,
        0.39523810148239136,
        0.39523810148239136,
        0.4007936418056488,
        0.3976190388202667,
        0.39920634031295776,
        0.42222222685813904,
        0.40714284777641296,
        0.3841269910335541,
        0.42619046568870544,
        0.408730149269104,
        0.4095238149166107,
        0.4007936418056488,
        0.4166666567325592,
        0.3968254029750824,
        0.4166666567325592,
        0.42698413133621216,
        0.3920634984970093,
        0.4246031641960144,
        0.4285714328289032,
        0.4198412597179413,
        0.4444444477558136,
        0.4158730208873749,
        0.4174603223800659,
        0.4325396716594696,
        0.43412697315216064,
        0.4285714328289032,
        0.4293650686740875,
        0.44206348061561584,
        0.4246031641960144
    ],
    "loss": [
        1.820264458656311,
        1.6734156608581543,
        1.5797111988067627,
        1.5283846855163574,
        1.5212349891662598,
        1.5309007167816162,
        1.477828860282898,
        1.4730504751205444,
        1.4733774662017822,
        1.4366710186004639,
        1.495697259902954,
        1.4323186874389648,
        1.4486955404281616,
        1.436623454093933,
        1.404771089553833,
        1.4081648588180542,
        1.402471661567688,
        1.424008846282959,
        1.365846037864685,
        1.3912285566329956,
        1.4001110792160034,
        1.3960071802139282,
        1.3757880926132202,
        1.3776471614837646,
        1.3571134805679321,
        1.3653011322021484,
        1.350748062133789,
        1.3606168031692505,
        1.3828551769256592,
        1.3319467306137085,
        1.3375625610351562,
        1.3379559516906738,
        1.3708076477050781,
        1.3451850414276123,
        1.3693541288375854,
        1.3309887647628784,
        1.3134677410125732,
        1.3349698781967163,
        1.3118928670883179,
        1.294374704360962,
        1.342150330543518,
        1.2879470586776733,
        1.3403799533843994,
        1.2945877313613892,
        1.3110153675079346,
        1.285483717918396,
        1.2952007055282593,
        1.2978224754333496,
        1.2819088697433472,
        1.2832369804382324
    ],
    "precision": [
        0.3560209572315216,
        0.42916667461395264,
        0.501694917678833,
        0.4497041404247284,
        0.47891566157341003,
        0.42975205183029175,
        0.49707603454589844,
        0.5152438879013062,
        0.5121212005615234,
        0.48342540860176086,
        0.45628416538238525,
        0.49459460377693176,
        0.5028901696205139,
        0.5132743120193481,
        0.5135135054588318,
        0.49572649598121643,
        0.5082417726516724,
        0.520348846912384,
        0.550561785697937,
        0.4961636960506439,
        0.48812663555145264,
        0.49246230721473694,
        0.4971098303794861,
        0.5106951594352722,
        0.5257452726364136,
        0.518324613571167,
        0.5406824350357056,
        0.5257452726364136,
        0.48087432980537415,
        0.5630027055740356,
        0.50789475440979,
        0.571052610874176,
        0.5555555820465088,
        0.4819944500923157,
        0.5231607556343079,
        0.5613576769828796,
        0.5907859206199646,
        0.5431472063064575,
        0.5303429961204529,
        0.5295566320419312,
        0.5463659167289734,
        0.5776081681251526,
        0.5347043871879578,
        0.5584415793418884,
        0.5785123705863953,
        0.5626535415649414,
        0.5644769072532654,
        0.550684928894043,
        0.5390625,
        0.5724815726280212
    ],
    "recall": [
        0.05396825447678566,
        0.08174603432416916,
        0.11746031790971756,
        0.12063492089509964,
        0.12619048357009888,
        0.12380952388048172,
        0.1349206417798996,
        0.13412699103355408,
        0.13412699103355408,
        0.1388888955116272,
        0.13253968954086304,
        0.14523810148239136,
        0.13809524476528168,
        0.13809524476528168,
        0.13571429252624512,
        0.13809524476528168,
        0.1468254029750824,
        0.14206349849700928,
        0.15555556118488312,
        0.15396825969219208,
        0.1468254029750824,
        0.15555556118488312,
        0.13650794327259064,
        0.15158730745315552,
        0.15396825969219208,
        0.15714286267757416,
        0.16349206864833832,
        0.15396825969219208,
        0.13968254625797272,
        0.1666666716337204,
        0.15317460894584656,
        0.17222222685813904,
        0.1626984179019928,
        0.13809524476528168,
        0.15238095819950104,
        0.170634925365448,
        0.17301587760448456,
        0.16984127461910248,
        0.15952381491661072,
        0.170634925365448,
        0.17301587760448456,
        0.18015873432159424,
        0.16507937014102936,
        0.170634925365448,
        0.1666666716337204,
        0.18174603581428528,
        0.18412698805332184,
        0.15952381491661072,
        0.16428571939468384,
        0.18492063879966736
    ],
    "val_accuracy": [
        0.1666666716337204,
        0.1814814805984497,
        0.3296296298503876,
        0.3777777850627899,
        0.46666666865348816,
        0.48148149251937866,
        0.4740740656852722,
        0.41111111640930176,
        0.40740740299224854,
        0.4000000059604645,
        0.385185182094574,
        0.4037036895751953,
        0.4000000059604645,
        0.41111111640930176,
        0.43703705072402954,
        0.42592594027519226,
        0.4185185134410858,
        0.4333333373069763,
        0.43703705072402954,
        0.4481481611728668,
        0.4555555582046509,
        0.4888888895511627,
        0.4407407343387604,
        0.4407407343387604,
        0.47777777910232544,
        0.4888888895511627,
        0.5333333611488342,
        0.4962962865829468,
        0.48148149251937866,
        0.48148149251937866,
        0.5518518686294556,
        0.529629647731781,
        0.5518518686294556,
        0.5518518686294556,
        0.5111111402511597,
        0.5222222208976746,
        0.5185185074806213,
        0.5148147940635681,
        0.5222222208976746,
        0.5111111402511597,
        0.5370370149612427,
        0.5555555820465088,
        0.5222222208976746,
        0.5185185074806213,
        0.529629647731781,
        0.5259259343147278,
        0.5407407283782959,
        0.5888888835906982,
        0.5518518686294556,
        0.585185170173645
    ],