{
    "accuracy": [
        0.30793651938438416,
        0.5825396776199341,
        0.7476190328598022,
        0.8230158686637878,
        0.855555534362793,
        0.8984127044677734,
        0.908730149269104,
        0.9007936716079712,
        0.9166666865348816,
        0.9404761791229248,
        0.9412698149681091,
        0.9404761791229248,
        0.9452381134033203,
        0.9460317492485046,
        0.9603174328804016,
        0.949999988079071,
        0.9523809552192688,
        0.9531745910644531,
        0.9626984000205994,
        0.9658730030059814,
        0.9642857313156128,
        0.9746031761169434,
        0.9626984000205994,
        0.9595237970352173,
        0.9650793671607971,
        0.973809540271759,
        0.9785714149475098,
        0.973809540271759,
        0.9722222089767456,
        0.976190447807312,
        0.9769841432571411,
        0.9690476059913635,
        0.970634937286377,
        0.9698412418365479,
        0.9722222089767456,
        0.9722222089767456,
        0.9785714149475098,
        0.9825396537780762,
        0.9753968119621277,
        0.973809540271759,
        0.9714285731315613,
        0.9801587462425232,
        0.9809523820877075,
        0.9722222089767456,
        0.9801587462425232,
        0.9809523820877075,
        0.973809540271759,
        0.9753968119621277,
        0.9793650507926941,
        0.9849206209182739
    ],
    "loss": [
        1.8513869047164917,
        1.1627075672149658,
        0.8020241856575012,
        0.5835760831832886,
        0.4893137514591217,
        0.36515021324157715,
        0.3142301142215729,
        0.29633828997612,
        0.2737973928451538,
        0.2151542603969574,
        0.21312372386455536,
        0.19549931585788727,
        0.19131192564964294,
        0.17616672813892365,
        0.1545354276895523,
        0.15462034940719604,
        0.14242184162139893,
        0.15830855071544647,
        0.13985471427440643,
        0.11188282817602158,
        0.12119754403829575,
        0.09173811972141266,
        0.12270169705152512,
        0.1268494874238968,
        0.12548577785491943,
        0.09164145588874817,
        0.07599097490310669,
        0.07792007178068161,
        0.09175799787044525,
        0.06855098158121109,
        0.07771248370409012,
        0.104551300406456,
        0.0983128547668457,
        0.10026264935731888,
        0.09761587530374527,
        0.07942589372396469,
        0.07299373298883438,
        0.060057226568460464,
        0.06936801224946976,
        0.09541048854589462,
        0.081357941031456,
        0.05569420009851456,
        0.0680399164557457,
        0.09817676246166229,
        0.06780820339918137,
        0.07030054926872253,
        0.08128205686807632,
        0.07141236215829849,
        0.06256221234798431,
        0.056180525571107864
    ],
    "precision": [
        0.3898678421974182,
        0.7274219989776611,
        0.856796145439148,
        0.8985943794250488,
        0.9195837378501892,
        0.9394205212593079,
        0.9479618668556213,
        0.9352331757545471,
        0.9476351141929626,
        0.960132896900177,
        0.9541735053062439,
        0.9541735053062439,
        0.9558823704719543,
        0.9624489545822144,
        0.9692556858062744,
        0.9595796465873718,
        0.9619433283805847,
        0.9598715901374817,
        0.9701613187789917,
        0.971061110496521,
        0.9741100072860718,
        0.979099690914154,
        0.9678456783294678,
        0.9677159190177917,
        0.9678972959518433,
        0.9767628312110901,
        0.9832000136375427,
        0.979903519153595,
        0.9791164398193359,
        0.9800319671630859,
        0.9800159931182861,
        0.9696969985961914,
        0.9751999974250793,
        0.9735999703407288,
        0.9768185615539551,
        0.9760574698448181,
        0.9800000190734863,
        0.9864000082015991,
        0.9807846546173096,
        0.9791666865348816,
        0.9752593636512756,
        0.9824421405792236,
        0.9817315340042114,
        0.9760192036628723,
        0.9816733002662659,
        0.9848363995552063,
        0.9760956168174744,
        0.977689266204834,
        0.9832268357276917,
        0.9888357520103455
    ],
    "recall": [
        0.14047619700431824,
        0.35158729553222656,
        0.5603174567222595,
        0.7103174328804016,
        0.7714285850524902,
        0.8492063283920288,
        0.867460310459137,
        0.8595238327980042,
        0.8904761672019958,
        0.9174603223800659,
        0.9253968000411987,
        0.9253968000411987,
        0.9285714030265808,
        0.9357143044471741,
        0.9507936239242554,
        0.9420635104179382,
        0.9428571462631226,
        0.9492063522338867,
        0.9547619223594666,
        0.958730161190033,
        0.9555555582046509,
        0.9666666388511658,
        0.9555555582046509,
        0.9515873193740845,
        0.9571428298950195,
        0.9674603343009949,
        0.9753968119621277,
        0.9674603343009949,
        0.9674603343009949,
        0.973809540271759,
        0.9730158448219299,
        0.9650793671607971,
        0.9674603343009949,
        0.9658730030059814,
        0.9698412418365479,
        0.970634937286377,
        0.9722222089767456,
        0.9785714149475098,
        0.9722222089767456,
        0.9698412418365479,
        0.9698412418365479,
        0.9769841432571411,
        0.9809523820877075,
        0.9690476059913635,
        0.9777777791023254,
        0.9793650507926941,
        0.9722222089767456,
        0.973809540271759,
        0.9769841432571411,
        0.9841269850730896
    ],
    "val_accuracy": [
        0.6370370388031006,
        0.9481481313705444,
        0.9666666388511658,
        0.9740740656852722,
        0.9851852059364319,
        0.9851852059364319,
        0.9851852059364319,
        0.9851852059364319,
        0.9925925731658936,
        0.9888888597488403,
        0.9888888597488403,
        0.9888888597488403,
        0.9925925731658936,
        0.9925925731658936,
        0.9925925731658936,
        0.9925925731658936,
        0.9962962865829468,
        0.9925925731658936,
        0.9888888597488403,
        0.9925925731658936,
        0.9888888597488403,
        0.9962962865829468,
        0.9962962865829468,
        0.9962962865829468,
        0.9962962865829468,
        0.9962962865829468,
        0.9962962865829468,
        0.9962962865829468,
        0.9925925731658936,
        0.9962962865829468,
        0.9962962865829468,
        0.9962962865829468,
        0.9925925731658936,
        0.9925925731658936,
        0.9925925731658936,
        0.9962962865829468,
        0.9962962865829468,
        0.9962962865829468,
        0.9962962865829468,
        0.9962962865829468,
        0.9962962865829468,
        0.9962962865829468,
        0.9962962865829468,
        0.9962962865829468,
        0.9962962865829468,
        0.9962962865829468,
        0.9962962865829468,
        0.9962962865829468,
        0.9962962865829468,
        0.9962962865829468
    ],