{
    "model_name": "MobileNetV3Small",
    "test_accuracy": 0.9185185432434082,
    "test_precision": 0.9182156324386597,
    "test_recall": 0.914814829826355,
    "test_loss": 0.22506725788116455,
    "training_time": 776.4444258213043,
    "total_parameters": 1122806,
    "classification_report": {
        "crazing": {
            "precision": 0.9183673469387755,
            "recall": 1.0,
            "f1-score": 0.9574468085106383,
            "support": 45.0
        },
        "inclusion": {
            "precision": 0.7586206896551724,
            "recall": 0.9777777777777777,
            "f1-score": 0.8543689320388349,
            "support": 45.0
        },
        "patches": {
            "precision": 0.9761904761904762,
            "recall": 0.9111111111111111,
            "f1-score": 0.9425287356321839,
            "support": 45.0
        },
        "pitted_surface": {
            "precision": 0.9736842105263158,
            "recall": 0.8222222222222222,
            "f1-score": 0.891566265060241,
            "support": 45.0
        },
        "rolled-in_scale": {
            "precision": 0.9782608695652174,
            "recall": 1.0,
            "f1-score": 0.989010989010989,
            "support": 45.0
        },
        "scratches": {
            "precision": 0.972972972972973,
            "recall": 0.8,
            "f1-score": 0.8780487804878049,
            "support": 45.0
        },
        "accuracy": 0.9185185185185185,
        "macro avg": {
            "precision": 0.9296827609748218,
            "recall": 0.9185185185185185,
            "f1-score": 0.9188284184567821,
            "support": 270.0
        },
        "weighted avg": {
            "precision": 0.9296827609748218,
            "recall": 0.9185185185185185,
            "f1-score": 0.9188284184567821,
            "support": 270.0
        }
    },
    "confusion_matrix": [
        [
            45,
            0,
            0,
            0,
            0,
            0
        ],
        [
            0,
            44,
            0,
            0,
            0,
            1
        ],
        [
            3,
            0,
            41,
            1,
            0,
            0
        ],
        [
            1,
            5,
            1,
            37,
            1,
            0
        ],
        [
            0,
            0,
            0,
            0,
            45,
            0
        ],
        [
            0,
            9,
            0,
            0,
            0,
            36
        ]
    ]
}