{
    "accuracy": [
        0.32301586866378784,
        0.45793649554252625,
        0.49444442987442017,
        0.5444444417953491,
        0.60317462682724,
        0.6523809432983398,
        0.658730149269104,
        0.6761904954910278,
        0.7190476059913635,
        0.7325396537780762,
        0.7507936358451843,
        0.7476190328598022,
        0.7515873312950134,
        0.7595238089561462,
        0.7666666507720947,
        0.7849206328392029,
        0.7746031880378723,
        0.7626984119415283,
        0.7992063760757446,
        0.7841269969940186,
        0.7904762029647827,
        0.8071428537368774,
        0.791269838809967,
        0.7936508059501648,
        0.7960317730903625,
        0.8111110925674438,
        0.8134920597076416,
        0.8349206447601318,
        0.8285714387893677,
        0.8222222328186035,
        0.8277778029441833,
        0.8341270089149475,
        0.8460317254066467,
        0.8222222328186035,
        0.8301587104797363,
        0.8515872955322266,
        0.8325396776199341,
        0.8420634865760803,
        0.841269850730896,
        0.8325396776199341,
        0.8436508178710938,
        0.8444444537162781,
        0.8444444537162781,
        0.8619047403335571,
        0.8388888835906982,
        0.8523809313774109,
        0.8547618985176086,
        0.858730137348175,
        0.8611111044883728,
        0.8460317254066467
    ],
    "loss": [
        1.629615068435669,
        1.429856777191162,
        1.3290857076644897,
        1.2190496921539307,
        1.138810396194458,
        1.0466748476028442,
        0.9890655875205994,
        0.9520326852798462,
        0.8863868117332458,
        0.802836537361145,
        0.7777881622314453,
        0.7291350960731506,
        0.7246197462081909,
        0.70126873254776,
        0.674826443195343,
        0.6530032157897949,
        0.6504016518592834,
        0.6439378261566162,
        0.5807787775993347,
        0.6130696535110474,
        0.5900591611862183,
        0.5910361409187317,
        0.5895002484321594,
        0.5855823755264282,
        0.5635486841201782,
        0.554582417011261,
        0.5524857640266418,
        0.5006340146064758,
        0.5077632069587708,
        0.5248281359672546,
        0.5373348593711853,
        0.4947776198387146,
        0.4767768979072571,
        0.4950532913208008,
        0.4838603734970093,
        0.4648799002170563,
        0.5056050419807434,
        0.4787920415401459,
        0.47023406624794006,
        0.48731639981269836,
        0.4627687633037567,
        0.4467451870441437,
        0.4499565064907074,
        0.43413352966308594,
        0.440279096364975,
        0.43317991495132446,
        0.4316680431365967,
        0.42455506324768066,
        0.4308434724807739,
        0.42594537138938904
    ],
    "precision": [
        0.890625,
        0.8773006200790405,
        0.8295964002609253,
        0.8298611044883728,
        0.8020833134651184,
        0.8152610659599304,
        0.8444846272468567,
        0.8124006390571594,
        0.8267045617103577,
        0.8472973108291626,
        0.8500000238418579,
        0.8337104320526123,
        0.8333333134651184,
        0.8458197712898254,
        0.8395938873291016,
        0.8476095795631409,
        0.8371174931526184,
        0.8328530192375183,
        0.8557783961296082,
        0.8457899689674377,
        0.8560534119606018,
        0.8414298892021179,
        0.8570084571838379,
        0.8525821566581726,
        0.842201828956604,
        0.855178713798523,
        0.8610354065895081,
        0.8735320568084717,
        0.8640429377555847,
        0.864051103591919,
        0.8595555424690247,
        0.878113865852356,
        0.8832309246063232,
        0.86258864402771,
        0.8698328733444214,
        0.8947368264198303,
        0.8616740107536316,
        0.8705161809921265,
        0.8801761865615845,
        0.8721541166305542,
        0.8769497275352478,
        0.8792354464530945,
        0.8764241933822632,
        0.8938207030296326,
        0.8791593909263611,
        0.8922261595726013,
        0.8901482224464417,
        0.8995633125305176,
        0.8893728256225586,
        0.881136953830719
    ],
    "recall": [
        0.04523809626698494,
        0.11349206417798996,
        0.1468254029750824,
        0.18968254327774048,
        0.24444444477558136,
        0.3222222328186035,
        0.37063491344451904,
        0.4055555462837219,
        0.46190476417541504,
        0.49761903285980225,
        0.553174614906311,
        0.5849206447601318,
        0.6230158805847168,
        0.6182539463043213,
        0.6563491821289062,
        0.6753968000411987,
        0.6730158925056458,
        0.688095211982727,
        0.7111111283302307,
        0.7095237970352173,
        0.7126984000205994,
        0.7285714149475098,
        0.7230158448219299,
        0.720634937286377,
        0.7285714149475098,
        0.7404761910438538,
        0.7523809671401978,
        0.7674603462219238,
        0.7666666507720947,
        0.7515873312950134,
        0.7674603462219238,
        0.7833333611488342,
        0.7984126806259155,
        0.7722222208976746,
        0.7849206328392029,
        0.7825396656990051,
        0.776190459728241,
        0.7896825671195984,
        0.7928571701049805,
        0.7904762029647827,
        0.803174614906311,
        0.803174614906311,
        0.7936508059501648,
        0.815079391002655,
        0.7968254089355469,
        0.8015872836112976,
        0.8103174567222595,
        0.817460298538208,
        0.8103174567222595,
        0.811904788017273
    ],
    "val_accuracy": [
        0.1666666716337204,
        0.24444444477558136,
        0.1666666716337204,
        0.1666666716337204,
        0.17407406866550446,
        0.1814814805984497,
        0.2481481432914734,
        0.3333333432674408,
        0.4592592716217041,
        0.6000000238418579,
        0.6666666865348816,
        0.6814814805984497,
        0.7481481432914734,
        0.8111110925674438,
        0.8259259462356567,
        0.8481481671333313,
        0.8814814686775208,
        0.8592592477798462,
        0.885185182094574,
        0.8962963223457336,
        0.8925926089286804,
        0.8999999761581421,
        0.9074074029922485,
        0.9111111164093018,
        0.9111111164093018,
        0.9259259104728699,
        0.9222221970558167,
        0.914814829826355,
        0.9259259104728699,
        0.9259259104728699,
        0.9333333373069763,
        0.9185185432434082,
        0.9259259104728699,
        0.9259259104728699,
        0.9296296238899231,
        0.9333333373069763,
        0.9296296238899231,
        0.9333333373069763,
        0.9333333373069763,
        0.9370370507240295,
        0.9296296238899231,
        0.9259259104728699,
        0.9296296238899231,
        0.9333333373069763,
        0.9407407641410828,
        0.9333333373069763,
        0.9407407641410828,
        0.9370370507240295,
        0.9370370507240295,
        0.9370370507240295
    ],