{
    "accuracy": [
        0.4277777671813965,
        0.7531746029853821,
        0.8658730387687683,
        0.8730158805847168,
        0.908730149269104,
        0.920634925365448,
        0.9357143044471741,
        0.938095211982727,
        0.9373015761375427,
        0.946825385093689,
        0.9547619223594666,
        0.961904764175415,
        0.9539682269096375,
        0.9611111283302307,
        0.9666666388511658,
        0.9595237970352173,
        0.9698412418365479,
        0.9658730030059814,
        0.9674603343009949,
        0.9642857313156128,
        0.9682539701461792,
        0.9690476059913635,
        0.9690476059913635,
        0.9746031761169434,
        0.9690476059913635,
        0.9730158448219299,
        0.9769841432571411,
        0.9722222089767456,
        0.973809540271759,
        0.9785714149475098,
        0.9666666388511658,
        0.9809523820877075,
        0.9825396537780762,
        0.9809523820877075,
        0.973809540271759,
        0.9769841432571411,
        0.9769841432571411,
        0.9753968119621277,
        0.9801587462425232,
        0.9809523820877075,
        0.9769841432571411,
        0.9817460179328918,
        0.9793650507926941,
        0.9785714149475098,
        0.9857142567634583,
        0.9849206209182739,
        0.9888888597488403,
        0.9833333492279053,
        0.9809523820877075,
        0.9785714149475098
    ],
    "loss": [
        1.733845829963684,
        0.7440603971481323,
        0.4425360858440399,
        0.36807531118392944,
        0.28850144147872925,
        0.23477262258529663,
        0.20975328981876373,
        0.18468168377876282,
        0.20457032322883606,
        0.1592404842376709,
        0.14434073865413666,
        0.12491411715745926,
        0.13577555119991302,
        0.12329164892435074,
        0.11059287935495377,
        0.13102847337722778,
        0.09600116312503815,
        0.11804453283548355,
        0.10828771442174911,
        0.1009172722697258,
        0.11283299326896667,
        0.08888357132673264,
        0.10182329267263412,
        0.08626886457204819,
        0.10322698950767517,
        0.08219952881336212,
        0.08429238200187683,
        0.08099330961704254,
        0.07705792039632797,
        0.06749901175498962,
        0.09463253617286682,
        0.05497662350535393,
        0.06479565799236298,
        0.05848589166998863,
        0.07778117805719376,
        0.08074864000082016,
        0.0691174790263176,
        0.06547465920448303,
        0.0625661090016365,
        0.06531335413455963,
        0.07412510365247726,
        0.07321245223283768,
        0.06040244922041893,
        0.053750742226839066,
        0.04086646810173988,
        0.04764832928776741,
        0.041847363114356995,
        0.04629452899098396,
        0.05580420047044754,
        0.05637998878955841
    ],
    "precision": [
        0.5143678188323975,
        0.8359621167182922,
        0.9147778749465942,
        0.9078380465507507,
        0.9320470094680786,
        0.9436619877815247,
        0.9506579041481018,
        0.9496753215789795,
        0.9510204195976257,
        0.9592834115028381,
        0.9613837599754333,
        0.9702093601226807,
        0.9628432989120483,
        0.9654618501663208,
        0.9728000164031982,
        0.966988742351532,
        0.973536491394043,
        0.9686242938041687,
        0.9710843563079834,
        0.9680255651473999,
        0.9712460041046143,
        0.9727345705032349,
        0.9711999893188477,
        0.9753381013870239,
        0.9719775915145874,
        0.9753381013870239,
        0.9807999730110168,
        0.9760000109672546,
        0.9761336445808411,
        0.9816293716430664,
        0.9688995480537415,
        0.9848363995552063,
        0.9832802414894104,
        0.9848363995552063,
        0.9753381013870239,
        0.977689266204834,
        0.980861246585846,
        0.9784860610961914,
        0.9824561476707458,
        0.9817169904708862,
        0.9793158173561096,
        0.9817169904708862,
        0.9809221029281616,
        0.9808765053749084,
        0.9888357520103455,
        0.9864757061004639,
        0.9896661639213562,
        0.9856687784194946,
        0.9824979901313782,
        0.9816586971282959
    ],
    "recall": [
        0.28412699699401855,
        0.6309523582458496,
        0.8007936477661133,
        0.8365079164505005,
        0.8817460536956787,
        0.9039682745933533,
        0.9174603223800659,
        0.9285714030265808,
        0.9246031641960144,
        0.934920608997345,
        0.9484127163887024,
        0.9563491940498352,
        0.9460317492485046,
        0.9539682269096375,
        0.9650793671607971,
        0.9531745910644531,
        0.9634920358657837,
        0.9555555582046509,
        0.9595237970352173,
        0.9611111283302307,
        0.9650793671607971,
        0.9626984000205994,
        0.9634920358657837,
        0.9730158448219299,
        0.9634920358657837,
        0.9730158448219299,
        0.9730158448219299,
        0.9682539701461792,
        0.973809540271759,
        0.9753968119621277,
        0.9642857313156128,
        0.9793650507926941,
        0.9801587462425232,
        0.9793650507926941,
        0.9730158448219299,
        0.973809540271759,
        0.976190447807312,
        0.9746031761169434,
        0.9777777791023254,
        0.9801587462425232,
        0.9769841432571411,
        0.9801587462425232,
        0.9793650507926941,
        0.9769841432571411,
        0.9841269850730896,
        0.9841269850730896,
        0.988095223903656,
        0.9825396537780762,
        0.9801587462425232,
        0.9769841432571411
    ],
    "val_accuracy": [
        0.7148148417472839,
        0.885185182094574,
        0.9481481313705444,
        0.9666666388511658,
        0.9740740656852722,
        0.9851852059364319,
        0.9851852059364319,
        0.9851852059364319,
        0.9888888597488403,
        0.9888888597488403,
        0.9888888597488403,
        0.9888888597488403,
        0.9888888597488403,
        0.9962962865829468,
        0.9925925731658936,
        1.0,
        0.9962962865829468,
        1.0,
        1.0,
        1.0,
        1.0,
        1.0,
        1.0,
        1.0,
        1.0,
        1.0,
        1.0,
        1.0,
        1.0,
        1.0,
        1.0,
        1.0,
        1.0,
        1.0,
        1.0,
        1.0,
        1.0,
        1.0,
        1.0,
        1.0,
        1.0,
        1.0,
        1.0,
        1.0,
        1.0,
        1.0,
        1.0,
        1.0,
        1.0,
        1.0
    ],