{
    "accuracy": [
        0.3174603283405304,
        0.617460310459137,
        0.7547619342803955,
        0.8349206447601318,
        0.8563492298126221,
        0.8817460536956787,
        0.8992063403129578,
        0.9230158925056458,
        0.9150793552398682,
        0.9452381134033203,
        0.9341269731521606,
        0.938095211982727,
        0.9436507821083069,
        0.9507936239242554,
        0.9412698149681091,
        0.9507936239242554,
        0.9531745910644531,
        0.9571428298950195,
        0.9650793671607971,
        0.9571428298950195,
        0.9507936239242554,
        0.9603174328804016,
        0.9611111283302307,
        0.9722222089767456,
        0.9666666388511658,
        0.9746031761169434,
        0.9690476059913635,
        0.9674603343009949,
        0.973809540271759,
        0.9714285731315613,
        0.9769841432571411,
        0.9746031761169434,
        0.973809540271759,
        0.9769841432571411,
        0.973809540271759,
        0.9722222089767456,
        0.9714285731315613,
        0.970634937286377,
        0.976190447807312,
        0.976190447807312,
        0.976190447807312,
        0.9722222089767456,
        0.976190447807312
    ],
    "loss": [
        1.8762956857681274,
        1.1042348146438599,
        0.7637899518013,
        0.5681433081626892,
        0.43776437640190125,
        0.3876114785671234,
        0.3494471609592438,
        0.2674591541290283,
        0.2664685547351837,
        0.21949663758277893,
        0.220123291015625,
        0.19033990800380707,
        0.18473351001739502,
        0.15652158856391907,
        0.1812656670808792,
        0.13150127232074738,
        0.13192129135131836,
        0.1310720443725586,
        0.1333484649658203,
        0.14043042063713074,
        0.1522306501865387,
        0.13918671011924744,
        0.1153089702129364,
        0.10575376451015472,
        0.11406946182250977,
        0.08571343868970871,
        0.10481761395931244,
        0.09541333466768265,
        0.08028958737850189,
        0.10598466545343399,
        0.08415637165307999,
        0.09560810029506683,
        0.10088387876749039,
        0.07040848582983017,
        0.08785330504179001,
        0.08508457988500595,
        0.08443328738212585,
        0.08440200239419937,
        0.09696362167596817,
        0.08263032138347626,
        0.07345253974199295,
        0.07394994050264359,
        0.0669645443558693
    ],
    "precision": [
        0.38499999046325684,
        0.7775831818580627,
        0.8673709034919739,
        0.9074627161026001,
        0.9225806593894958,
        0.9203152656555176,
        0.9276486039161682,
        0.9447698593139648,
        0.9379714727401733,
        0.9602649211883545,
        0.9506579041481018,
        0.9461663961410522,
        0.958949089050293,
        0.9626016020774841,
        0.951298713684082,
        0.96278315782547,
        0.9642857313156128,
        0.9654618501663208,
        0.9685737490653992,
        0.9637681245803833,
        0.9618196487426758,
        0.9624000191688538,
        0.966265082359314,
        0.976631760597229,
        0.9704708456993103,
        0.9768739938735962,
        0.9734513163566589,
        0.9695756435394287,
        0.9760383367538452,
        0.974399983882904,
        0.9784345030784607,
        0.9791833758354187,
        0.9799196720123291,
        0.977707028388977,
        0.9791499376296997,
        0.9768370389938354,
        0.9744816422462463,
        0.9759615659713745,
        0.9784688949584961,
        0.9800159931182861,
        0.977707028388977,
        0.9783999919891357,
        0.9792497754096985
    ],
    "recall": [
        0.12222222238779068,
        0.3523809611797333,
        0.5865079164505005,
        0.723809540271759,
        0.7944444417953491,
        0.8341270089149475,
        0.8547618985176086,
        0.8960317373275757,
        0.8880952596664429,
        0.920634925365448,
        0.9174603223800659,
        0.920634925365448,
        0.9269841313362122,
        0.9396825432777405,
        0.9301587343215942,
        0.9444444179534912,
        0.9428571462631226,
        0.9539682269096375,
        0.9539682269096375,
        0.949999988079071,
        0.9396825432777405,
        0.9547619223594666,
        0.9547619223594666,
        0.961904764175415,
        0.9650793671607971,
        0.9722222089767456,
        0.9603174328804016,
        0.9611111283302307,
        0.9698412418365479,
        0.9666666388511658,
        0.9722222089767456,
        0.970634937286377,
        0.9682539701461792,
        0.9746031761169434,
        0.9690476059913635,
        0.970634937286377,
        0.9698412418365479,
        0.9666666388511658,
        0.973809540271759,
        0.9730158448219299,
        0.9746031761169434,
        0.970634937286377,
        0.973809540271759
    ],
    "val_accuracy": [
        0.6037036776542664,
        0.8703703880310059,
        0.9259259104728699,
        0.9444444179534912,
        0.9592592716217041,
        0.9592592716217041,
        0.970370352268219,
        0.9740740656852722,
        0.9777777791023254,
        0.9777777791023254,
        0.9888888597488403,
        0.9851852059364319,
        0.9851852059364319,
        0.9851852059364319,
        0.9851852059364319,
        0.9851852059364319,
        0.9851852059364319,
        0.9851852059364319,
        0.9851852059364319,
        0.9814814925193787,
        0.9814814925193787,
        0.9814814925193787,
        0.9814814925193787,
        0.9851852059364319,
        0.9814814925193787,
        0.9814814925193787,
        0.9851852059364319,
        0.9851852059364319,
        0.9888888597488403,
        0.9888888597488403,
        0.9888888597488403,
        0.9888888597488403,
        0.9925925731658936,
        0.9888888597488403,
        0.9888888597488403,
        0.9851852059364319,
        0.9888888597488403,
        0.9888888597488403,
        0.9851852059364319,
        0.9851852059364319,
        0.9851852059364319,
        0.9888888597488403,
        0.9851852059364319
    ],
    "val_loss": [
        1.439874529838562,
        1.0994383096694946,
        0.8100841641426086,
        0.5940556526184082,
        0.4333193302154541,
        0.3191867172718048,
        0.24280273914337158,
        0.1902124583721161,
        0.15077702701091766,
        0.12623026967048645,
        0.10620076209306717,
        0.08877474814653397,
        0.08009660989046097,
        0.07209476083517075,
        0.06803810596466064,
        0.06396771967411041,
        0.06090206652879715,
        0.057446494698524475,
        0.054397277534008026,
        0.055091097950935364,
        0.054442163556814194,
        0.05525483191013336,
        0.05250324681401253,
        0.047802262008190155,
        0.045588742941617966,
        0.04167594015598297,
        0.041619785130023956,
        0.04092301055788994,
        0.039864543825387955,
        0.039717987179756165,
        0.03846404701471329,
        0.03488027676939964,
        0.031418923288583755,
        0.03279738500714302,
        0.03502773120999336,
        0.040719058364629745,
        0.03648364543914795,
        0.033643294125795364,
        0.03461473807692528,
        0.03583773970603943,
        0.03432996943593025,
        0.03249526396393776,
        0.03153286501765251
    ],